MEMFEE ID,MEMBER,AMOUNT,PAYED DATE,CONTROL NO,REMARKS,DATE Created,Created By,Date Updated,Updated By
1,79,2000,15/10/2023,059,,13/08/2024,,,
2,50,2000,09/03/2023,,,13/08/2024,,,
3,56,10000,12/03/2023,"008
008",,13/08/2024,,,
4,67,1000,12/03/2023,014,ok,13/08/2024,,22/11/2024,lency
5,520,1000,12/03/2023,015,,13/08/2024,,,
6,87,2000,12/03/2023,016,,13/08/2024,,,
7,540,2000,12/03/2023,017,,13/08/2024,,,
8,57,1000,12/03/2023,018,,13/08/2024,,,
9,544,2000,12/03/2023,020,,13/08/2024,,,
10,59,1000,12/03/2023,025,,13/08/2024,,,
11,73,1000,12/03/2023,026,,13/08/2024,,,
12,89,1000,12/03/2023,027,,13/08/2024,,,
13,51,1000,20/03/2023,029,,13/08/2024,,,
14,1823,10000,19/03/2023,053,,13/08/2024,,,
15,506,1000,15/04/2023,35,,13/08/2024,,,
16,65,1000,15/04/2023,36,,13/08/2024,,,
17,94,1500,15/04/2023,37,,13/08/2024,,,
18,1732,1000,15/04/2023,38,,13/08/2024,,,
19,578,500,15/04/2023,,,13/08/2024,,,
20,91,1000,01/05/2023,42,,13/08/2024,,,
21,67,1000,01/05/2023,43,ok,13/08/2024,,22/11/2024,lency
22,504,1000,01/05/2023,44,,13/08/2024,,,
23,505,1000,10/05/2023,45,,13/08/2024,,,
24,64,1000,10/05/2023,46,,13/08/2024,,,
25,79,500,08/09/2023,039,,13/08/2024,,,
26,96,1000,15/05/2023,48,,13/08/2024,,,
27,541,1000,15/05/2023,49,,13/08/2024,,,
28,94,1000,16/05/2023,51,,13/08/2024,,,
29,520,1000,16/06/2023,73,,13/08/2024,,,
30,94,1000,16/06/2023,74,,13/08/2024,,,
31,93,1000,09/07/2023,75,,13/08/2024,,,
32,92,3000,09/07/2023,76,,13/08/2024,,,
33,62,1000,09/07/2023,77,ok,13/08/2024,,22/11/2024,lency
34,1827,2000,18/07/2023,79,,13/08/2024,,,
35,504,1000,01/08/2023,80,,13/08/2024,,,
36,100,4000,01/08/2023,81,,13/08/2024,,,
37,520,1000,04/08/2023,82,,13/08/2024,,,
38,94,1000,04/08/2023,83,,13/08/2024,,,
39,88,1000,04/08/2023,84,,13/08/2024,,,
40,508,5000,04/08/2023,85,,13/08/2024,,,
41,504,1000,04/08/2023,86,,13/08/2024,,,
42,501,5000,04/08/2023,87,,13/08/2024,,,
43,92,3000,04/08/2023,88,,13/08/2024,,,
44,60,1000,08/08/2023,89,,13/08/2024,,,
45,87,500,08/08/2023,90,,13/08/2024,,,
46,60,1000,09/08/2023,91,,13/08/2024,,,
47,79,500,09/08/2023,92,,13/08/2024,,,
48,101,2000,09/08/2023,93,,13/08/2024,,,
49,586,2000,09/08/2023,94,,13/08/2024,,,
50,86,2000,09/08/2023,96,,13/08/2024,,,
51,85,2000,09/08/2023,97,,13/08/2024,,,
52,61,3000,11/08/2023,98,,13/08/2024,,,
53,71,2500,11/08/2023,100,,13/08/2024,,,
54,72,2500,11/08/2023,99,,13/08/2024,,,
55,99,2000,18/08/2023,101,,13/08/2024,,,
56,92,4000,18/08/2023,102,,13/08/2024,,,
57,49,1000,18/08/2023,103,,13/08/2024,,,
58,543,3000,18/08/2023,104,,13/08/2024,,,
59,70,4000,18/08/2023,105,,13/08/2024,,,
60,69,5000,18/08/2023,106,,13/08/2024,,,
61,51,1000,26/08/2023,107,,13/08/2024,,,
62,84,1000,26/08/2023,108,,13/08/2024,,,
63,542,2000,26/08/2023,109,,13/08/2024,,,
64,99,3000,26/08/2023,110,,13/08/2024,,,
65,506,1000,26/08/2023,111,,13/08/2024,,,
66,65,1000,26/08/2023,112,,13/08/2024,,,
67,55,1000,26/08/2023,113,,13/08/2024,,,
68,59,9000,26/08/2023,115,,13/08/2024,,,
69,520,20000,31/08/2023,033,,13/08/2024,,,
70,87,1000,08/09/2023,034,,13/08/2024,,,
71,498,1000,08/09/2023,035,,13/08/2024,,,
72,70,2000,08/09/2023,036,,13/08/2024,,,
73,506,1000,08/09/2023,37,,13/08/2024,,,
74,62,1000,08/09/2023,038,ok,13/08/2024,,22/11/2024,lency
75,79,1000,10/04/2023,,,13/08/2024,,,
76,94,1000,08/09/2023,042,,13/08/2024,,,
77,85,2000,14/09/2023,053,,13/08/2024,,,
78,97,10000,18/09/2023,054,,13/08/2024,,,
79,537,10000,18/09/2023,055,,13/08/2024,,,
80,76,10000,18/09/2023,056,,13/08/2024,,,
81,50,1500,26/09/2023,058,,13/08/2024,,,
82,79,3000,15/05/2023,047,,13/08/2024,,,
83,75,2000,16/10/2023,61,,13/08/2024,,,
84,86,3000,16/10/2023,62,,13/08/2024,,,
85,103,10000,16/10/2023,64,,13/08/2024,,,
86,508,5000,16/10/2023,065,,13/08/2024,,,
87,94,1000,16/10/2023,066,,13/08/2024,,,
88,68,1000,16/10/2023,068,,13/08/2024,,,
89,75,2000,27/10/2023,73,,13/08/2024,,,
90,83,1000,27/10/2023,74,,13/08/2024,,,
91,95,3000,27/10/2023,075,ok,13/08/2024,,22/11/2024,lency
92,532,10000,27/10/2023,76,,13/08/2024,,,
93,509,5000,27/10/2023,077,,13/08/2024,,,
94,78,5000,27/10/2023,078,,13/08/2024,,,
95,84,1500,27/10/2023,079,,13/08/2024,,,
96,50,1500,27/10/2023,080,,13/08/2024,,,
97,81,,,,,13/08/2024,,22/11/2024,lency
98,52,1000,27/10/2023,083,,13/08/2024,,,
99,100,1000,27/10/2023,084,,13/08/2024,,,
100,88,9000,27/10/2023,088,,13/08/2024,,,
101,82,1000,27/10/2023,91,,13/08/2024,,,
102,61,1000,27/10/2023,093,,13/08/2024,,,
103,93,4000,15/11/2023,110,,13/08/2024,,,
104,51,1000,28/11/2023,127,,13/08/2024,,,
105,54,500,08/12/2023,156,,13/08/2024,,,
106,86,4000,08/12/2023,157,,13/08/2024,,,
107,75,6000,08/12/2023,158,,13/08/2024,,,
108,87,1000,17/01/2024,192,,13/08/2024,,,
109,95,,,,,13/08/2024,,22/11/2024,lency
110,101,2000,17/01/2024,194,,13/08/2024,,,
111,586,2500,17/01/2024,195,,13/08/2024,,,
112,61,6000,17/01/2024,198,,13/08/2024,,,
113,51,2000,17/01/2024,199,,13/08/2024,,,
114,79,300,28/02/2023,,,13/08/2024,,,
115,84,3000,19/01/2024,226,,13/08/2024,,,
116,510,1000,19/01/2024,227,,13/08/2024,,,
117,78,5000,19/01/2024,229,,13/08/2024,,,
118,96,2000,19/01/2024,230,,13/08/2024,,,
119,539,2000,19/01/2024,231,,13/08/2024,,,
120,542,5000,19/01/2024,233,,13/08/2024,,,
121,81,8000,19/01/2024,234,"DEC 1, 2023 / ok",13/08/2024,,22/11/2024,lency
122,62,5000,19/01/2024,235,"DEC 1, 2023 / ok",13/08/2024,,22/11/2024,lency
123,87,3000,19/01/2024,236,"DEC 5, 2023",13/08/2024,,,
124,96,1000,19/01/2024,239,DEC 2023,13/08/2024,,,
125,506,8000,19/01/2024,240,,13/08/2024,,,
126,501,500,19/01/2024,241,,13/08/2024,,,
127,541,1000,19/01/2024,242,,13/08/2024,,,
128,82,9000,19/01/2024,243,,13/08/2024,,,
129,542,3000,19/01/2024,244,,13/08/2024,,,
130,80,3000,19/01/2024,245,,13/08/2024,,,
131,51,5000,19/01/2024,246,,13/08/2024,,,
132,77,10000,19/01/2024,247,,13/08/2024,,,
133,72,7500,19/01/2024,258,,13/08/2024,,,
134,71,7500,19/01/2024,259,,13/08/2024,,,
135,84,2500,19/01/2024,261,,13/08/2024,,,
136,49,5000,19/01/2024,262,,13/08/2024,,,
137,64,1000,19/01/2024,266,,13/08/2024,,,
138,505,1000,19/01/2024,267,,13/08/2024,,,
139,67,4000,19/01/2024,272,ok,13/08/2024,,22/11/2024,lency
140,498,9000,19/01/2024,273,,13/08/2024,,,
141,504,3000,19/01/2024,278,,13/08/2024,,,
142,510,9000,19/01/2024,279,"DEC.13,2023",13/08/2024,,,
143,99,1000,19/01/2024,280,"DEC.13,2023",13/08/2024,,,
144,55,1000,19/01/2024,288,,13/08/2024,,,
145,57,1000,19/01/2024,289,,13/08/2024,,,
146,586,1500,19/01/2024,295,,13/08/2024,,,
147,101,500,19/01/2024,297,"DEC.19,2023",13/08/2024,,,
148,586,2500,19/01/2024,309,,13/08/2024,,,
149,101,2000,19/01/2024,310,"JAN.3,2024",13/08/2024,,,
150,68,1000,29/01/2024,401,,13/08/2024,,,
151,87,1000,22/02/2024,402,,13/08/2024,,,
152,504,1000,22/02/2024,403,,13/08/2024,,,
153,47,2000,22/02/2024,405,,13/08/2024,,,
154,87,1000,14/03/2024,406,,13/08/2024,,,
155,504,1000,12/04/2024,407,,13/08/2024,,,
156,87,500,12/04/2024,418,,13/08/2024,,,
157,507,7000,13/05/2024,422,,13/08/2024,,,
158,60,4000,13/05/2024,423,,13/08/2024,,,
159,48,2000,13/05/2024,424,,13/08/2024,,,
160,84,2000,13/05/2024,425,,13/08/2024,,,
161,89,1000,14/05/2024,427,,13/08/2024,,,
162,95,4000,14/05/2024,428,ok,13/08/2024,,22/11/2024,lency
163,46,10000,14/05/2024,429,,13/08/2024,,,
164,65,1000,14/05/2024,430,,13/08/2024,,,
165,83,2000,14/05/2024,431,,13/08/2024,,,
166,47,1000,14/05/2024,432,,13/08/2024,,,
167,505,8000,14/05/2024,433,,13/08/2024,,,
168,64,8000,14/05/2024,434,,13/08/2024,,,
169,96,2000,14/05/2024,435,,13/08/2024,,,
170,539,2000,14/05/2024,436,,13/08/2024,,,
171,54,5000,14/05/2024,437,,13/08/2024,,,
172,67,,,,,13/08/2024,,22/11/2024,lency
173,79,2200,15/05/2024,439,17800 MA,13/08/2024,,,
174,62,0,15/05/2024,442,FULL PAYMENT,13/08/2024,,,
175,89,6500,16/05/2024,445,,13/08/2024,,,
176,96,4000,16/05/2024,446,2000 TO AMORTIZATION,13/08/2024,,,
177,65,7000,16/05/2024,447,SIGNED CONTRACT,13/08/2024,,,
178,91,9000,16/05/2024,448,SIGNED CONTRACT,13/08/2024,,,
179,100,5000,16/05/2024,449,SIGNED CONTRACT,13/08/2024,,,
180,86,1000,16/05/2024,450,,13/08/2024,,,
181,1480,2000,16/05/2024,654,,13/08/2024,,,
182,54,4500,16/05/2024,655,500 M.A,13/08/2024,,,
183,68,6000,16/05/2024,656,,13/08/2024,,,
184,1830,10000,16/05/2024,657,,13/08/2024,,,
185,547,10000,16/05/2024,658,,13/08/2024,,,
186,74,5000,16/05/2024,659,,13/08/2024,,,
187,83,2000,16/05/2024,661,,13/08/2024,,,
188,47,3000,16/05/2024,662,,13/08/2024,,,
189,60,4000,16/05/2024,663,SIGNED CONTRACT,13/08/2024,,,
190,48,7000,16/05/2024,664,,13/08/2024,,,
191,45,10000,16/05/2024,665,SIGNED CONTRACT,13/08/2024,,,
192,499,10000,16/05/2024,666,SIGNED CONTRACT,13/08/2024,,,
193,68,1000,17/05/2024,667,,13/08/2024,,,
194,90,10000,24/05/2024,672,,13/08/2024,,12/11/2024,
195,66,10000,24/05/2024,673,SIGNED CONTRACT,13/08/2024,,,
196,504,2000,24/05/2024,674,,13/08/2024,,,
197,73,4000,24/05/2024,675,,13/08/2024,,,
198,70,4000,24/05/2024,676,,13/08/2024,,,
199,69,5000,24/05/2024,677,SIGNED CONTRACT,13/08/2024,,,
200,53,10000,27/05/2024,678,SIGNED CONTRACT,13/08/2024,,,
201,56,,,,,13/08/2024,,22/11/2024,lency
202,1480,2000,03/06/2024,680,,13/08/2024,,,
203,1478,10000,03/07/2024,1050,,13/08/2024,,,
204,1480,2000,14/06/2024,685,,14/08/2024,,,
205,509,5000,30/07/2024,1097,,14/08/2024,,,
206,509,,,,,14/08/2024,,,
207,52,9000,30/07/2024,1098,,14/08/2024,,,
208,73,0,30/07/2024,0,,14/08/2024,,,
209,1710,5000,24/06/2022,340,,12/09/2024,,,
210,1858,10000,22/07/2024,967,,18/09/2024,,,
211,,0,,,,07/10/2024,,,
212,100,4000,09/07/2023,78,,09/10/2024,,,
213,1823,20000,09/08/2023,095,,09/10/2024,,,
214,93,3000,03/03/2023,01,,09/10/2024,,,
215,62,3000,03/03/2023,02,ok,09/10/2024,,22/11/2024,lency
216,1827,2000,09/03/2023,03,,09/10/2024,,,
217,80,1500,12/03/2023,009,,09/10/2024,,,
218,,0,,,,09/10/2024,,,
219,,,,,,09/10/2024,,,
220,93,1000,10/04/2023,031,,09/10/2024,,,
221,67,1000,10/04/2023,032,ok,09/10/2024,,22/11/2024,lency
222,48,600,15/04/2023,038,,09/10/2024,,,
223,356,1500,26/08/2023,002,,09/10/2024,,,
224,337,500,26/08/2023,003,,09/10/2024,,,
225,349,5000,26/08/2023,004,,09/10/2024,,,
226,346,600,26/08/2023,005,,09/10/2024,,,
227,575,1000,26/08/2023,006,,09/10/2024,,,
228,571,1000,26/08/2023,007,,09/10/2024,,,
229,313,9500,22/05/2024,049,,09/10/2024,,,
230,590,9000,22/05/2024,050,,09/10/2024,,,
231,341,8100,22/05/2024,051,,09/10/2024,,,
232,360,7000,22/05/2024,052,,09/10/2024,,,
233,359,9500,22/05/2024,053,,09/10/2024,,,
234,315,8500,22/05/2024,054,,09/10/2024,,,
235,573,1000,10/04/2023,001,,09/10/2024,,,
236,578,500,15/04/2023,002,,09/10/2024,,,
237,327,4000,16/06/2023,008,,09/10/2024,,,
238,573,2000,23/06/2023,009,,09/10/2024,,,
239,561,200,23/06/2023,010,,09/10/2024,,,
240,329,400,23/06/2023,011,,09/10/2024,,,
241,344,1000,23/06/2023,012,,09/10/2024,,,
242,362,1000,09/07/2023,013,,09/10/2024,,,
243,583,0,,,,09/10/2024,,,
244,358,10000,24/07/2023,015,,09/10/2024,,,
245,582,1000,01/08/2023,016,,09/10/2024,,,
246,316,1000,01/08/2023,017,,09/10/2024,,,
247,578,1000,01/08/2023,018,,09/10/2024,,,
248,567,1000,01/08/2023,019,,09/10/2024,,,
249,589,500,01/08/2023,020,,14/10/2024,,,
250,326,500,01/08/2023,021,,14/10/2024,,,
251,592,1000,04/08/2023,023,,14/10/2024,,,
252,1880,1000,08/08/2023,024,,14/10/2024,,,
253,1881,1000,28/11/2023,122,,14/10/2024,,,
254,315,1000,08/08/2023,"026
026",,14/10/2024,,,
255,341,1000,08/08/2023,027,,14/10/2024,,,
256,350,2000,08/08/2023,028,,14/10/2024,,,
257,573,7000,08/08/2023,029,,14/10/2024,,,
258,557,3000,08/08/2023,030,,14/10/2024,,,
259,368,3000,08/08/2023,031,,14/10/2024,,,
260,565,3000,09/08/2023,032,,14/10/2024,,,
261,591,5000,09/08/2023,033,,14/10/2024,,,
262,563,1000,09/08/2023,034,,14/10/2024,,,
263,355,1000,10/08/2023,036,,14/10/2024,,,
264,317,1000,10/08/2023,037,,14/10/2024,,,
265,345,1000,11/08/2023,038,,14/10/2024,,,
266,324,500,18/08/2023,042,,14/10/2024,,,
267,1880,1000,11/08/2023,039,,14/10/2024,,,
268,1881,1000,09/09/2023,046,,14/10/2024,,,
269,552,500,18/08/2023,043,,14/10/2024,,,
270,585,500,18/08/2023,044,,14/10/2024,,,
271,554,500,18/08/2023,045,,14/10/2024,,,
272,336,500,18/08/2023,046,,14/10/2024,,,
273,536,500,18/08/2023,047,,14/10/2024,,,
274,335,500,18/08/2023,048,,14/10/2024,,,
275,564,500,18/08/2023,049,,14/10/2024,,,
276,333,500,18/08/2023,050,,14/10/2024,,,
277,562,1000,18/08/2023,051,,14/10/2024,,,
278,352,1000,18/08/2023,052,,14/10/2024,,,
279,577,1000,18/08/2023,053,,14/10/2024,,,
280,567,1000,18/08/2023,054,,14/10/2024,,,
281,357,1000,18/08/2023,055,,14/10/2024,,,
282,570,1000,18/08/2023,056,,14/10/2024,,,
283,555,1000,18/08/2023,057,,14/10/2024,,,
284,571,500,18/08/2023,058,,14/10/2024,,,
285,1851,1600,18/08/2023,059,,14/10/2024,,,
286,580,500,18/08/2023,060,,14/10/2024,,,
287,360,1000,18/08/2023,061,,14/10/2024,,,
288,590,1400,18/08/2023,062,,14/10/2024,,,
289,347,3000,18/08/2023,063,,14/10/2024,,,
290,574,1000,18/08/2023,064,,14/10/2024,,,
291,556,1000,18/08/2023,065,,14/10/2024,,,
292,373,1000,18/08/2023,067,,14/10/2024,,,
293,561,1000,18/08/2023,068,,14/10/2024,,,
294,319,1000,18/08/2023,069,,14/10/2024,,,
295,594,500,18/08/2023,071,,14/10/2024,,,
296,566,500,18/08/2023,073,,14/10/2024,,,
297,370,1400,18/08/2023,074,,14/10/2024,,,
298,366,500,18/08/2023,075,,14/10/2024,,,
299,588,1000,18/08/2023,076,,14/10/2024,,,
300,1883,5000,18/08/2023,077,,14/10/2024,,,
301,1848,5000,18/08/2023,078,,14/10/2024,,,
302,364,1000,29/08/2023,002,,14/10/2024,,,
303,579,1000,29/08/2023,003,,14/10/2024,,,
304,334,500,29/08/2023,004,,14/10/2024,,,
305,332,500,29/08/2023,005,,14/10/2024,,,
306,313,500,30/08/2023,006,,14/10/2024,,,
307,363,500,30/08/2023,007,,14/10/2024,,,
308,365,500,30/08/2023,008,,14/10/2024,,,
309,584,500,30/08/2023,009,,14/10/2024,,,
310,328,500,30/08/2023,010,,14/10/2024,,,
311,568,500,30/08/2023,011,,14/10/2024,,,
312,359,500,30/08/2023,013,,14/10/2024,,,
313,340,500,30/08/2023,014,,14/10/2024,,,
314,1885,500,30/08/2023,015,,14/10/2024,,,
315,351,500,30/08/2023,016,,14/10/2024,,,
316,1886,500,30/08/2023,017,,14/10/2024,,,
317,369,500,30/08/2023,018,,14/10/2024,,,
318,596,500,30/08/2023,019,,14/10/2024,,,
319,367,500,30/08/2023,020,,14/10/2024,,,
320,581,1000,30/08/2023,022,,14/10/2024,,,
321,572,500,30/08/2023,023,,14/10/2024,,,
322,330,500,31/08/2023,024,,14/10/2024,,,
323,371,500,31/08/2023,025,,14/10/2024,,,
324,1888,300,31/08/2023,027,,14/10/2024,,,
325,548,500,31/08/2023,028,,14/10/2024,,,
326,595,1000,31/08/2023,029,,14/10/2024,,,
327,1828,400,31/08/2023,031,,14/10/2024,,,
328,93,1000,08/09/2023,037,,14/10/2024,,,
329,551,500,08/09/2023,039,,14/10/2024,,,
330,1877,2000,08/09/2023,043,,14/10/2024,,,
331,567,500,08/09/2023,040,,14/10/2024,,,
332,345,1000,09/09/2023,044,,14/10/2024,,,
333,1880,1000,09/09/2023,045,,14/10/2024,,,
334,1881,1000,11/08/2023,040,,14/10/2024,,,
335,588,1000,11/09/2023,048,,14/10/2024,,,
336,327,6000,11/09/2023,049,,14/10/2024,,,
337,549,500,11/09/2023,050,,14/10/2024,,,
338,339,1000,13/09/2023,052,,14/10/2024,,,
339,1889,400,18/09/2023,057,,14/10/2024,,,
340,553,300,15/10/2023,060,,14/10/2024,,,
341,567,500,16/10/2023,062,,14/10/2024,,,
342,323,5000,16/10/2023,067,,14/10/2024,,,
343,81,2000,27/10/2023,081,ok,14/10/2024,,22/11/2024,lency
344,,,,,,14/10/2024,,,
345,572,1000,27/10/2023,082,,14/10/2024,,,
346,520,1000,27/10/2023,089,,14/10/2024,,,
347,1771,0,,,,14/10/2024,,,
348,578,500,27/10/2023,094,,14/10/2024,,,
349,1722,10000,09/11/2023,103,,14/10/2024,,,
350,1891,5000,09/11/2023,105,,14/10/2024,,,
351,1880,1000,28/11/2023,123,,15/10/2024,,,
352,520,6000,28/11/2023,138,,15/10/2024,,,
353,50,3000,28/11/2023,139,,15/10/2024,,,
354,579,500,28/11/2023,140,,15/10/2024,,,
355,364,500,28/11/2023,141,,15/10/2024,,,
356,565,3000,28/11/2023,142,,15/10/2024,,,
357,67,3000,28/11/2023,145,ok,15/10/2024,,22/11/2024,lency
358,85,6000,28/11/2023,148,,15/10/2024,,,
359,1795,3000,28/02/2024,"457














??????",,15/10/2024,,,
360,1695,1000,29/02/2024,459,,15/10/2024,,,
361,591,4200,19/01/2024,223,,15/10/2024,,,
362,1851,1000,19/01/2024,224,,15/10/2024,,,
363,571,2000,19/01/2024,225,,15/10/2024,,,
364,534,2000,19/01/2024,231,,15/10/2024,,,
365,356,8500,19/01/2024,232,,15/10/2024,,,
366,62,,,,,15/10/2024,,22/11/2024,lency
367,1881,1000,19/01/2024,237,,15/10/2024,,,
368,1880,1000,19/01/2024,238,,15/10/2024,,,
369,1879,500,19/01/2024,248,,15/10/2024,,,
370,326,500,19/01/2024,249,,15/10/2024,,,
371,583,500,19/01/2024,250,,15/10/2024,,,
372,362,500,19/01/2024,251,"DEC.13,2023",15/10/2024,,,
373,562,500,19/01/2024,252,12-11-23,15/10/2024,,,
374,352,500,19/01/2024,253,,15/10/2024,,,
375,577,500,19/01/2024,254,"DEC.11,2023",15/10/2024,,,
376,578,1000,19/01/2024,255,,15/10/2024,,,
377,364,1000,19/01/2024,256,"DEC.11,2023",15/10/2024,,,
378,579,500,19/01/2024,257,,15/10/2024,,,
379,313,,,,,15/10/2024,,,
380,1742,,,,,15/10/2024,,,
381,373,500,19/01/2024,264,,15/10/2024,,,
382,588,2000,19/01/2024,265,"DEC.12,2023",15/10/2024,,,
383,571,1500,19/01/2024,268,,15/10/2024,,,
384,1729,2150,19/01/2024,276,"DEC.13,2023",15/10/2024,,,
385,344,1000,19/01/2024,270,,15/10/2024,,,
386,592,500,19/01/2024,271,,15/10/2024,,,
387,575,2000,19/01/2024,274,,15/10/2024,,,
388,328,500,19/01/2024,275,,15/10/2024,,,
389,1730,,,,,15/10/2024,,,
390,536,500,19/01/2024,281,"DEC.14,2023",15/10/2024,,,
391,335,500,19/01/2024,282,"DEC.14,2023",15/10/2024,,,
392,552,500,19/01/2024,283,"DEC.14,2023",15/10/2024,,,
393,324,500,19/01/2024,284,"DEC.14,2023",15/10/2024,,,
394,585,500,19/01/2024,285,"DEC.14,2023",15/10/2024,,,
395,564,500,19/01/2024,256,"DEC.14,2023",15/10/2024,,,
396,333,500,19/01/2024,287,"DEC.14,2023",15/10/2024,,,
397,319,500,19/01/2024,290,"DEC.14,2023",15/10/2024,,,
398,332,300,19/01/2024,291,"DEC.15,2023",15/10/2024,,,
399,334,3000,19/01/2024,292,"DEC.15,2023",15/10/2024,,,
400,317,300,19/01/2024,293,"DEC.15,2023",15/10/2024,,,
401,594,200,19/01/2024,294,"DEC.15,2023",15/10/2024,,,
402,580,1000,19/01/2024,296,,15/10/2024,,,
403,1747,1000,19/01/2024,298,"DEC.19,2023",15/10/2024,,,
404,1752,,,,"dec.19,2023",16/10/2024,,,
405,1746,10000,19/01/2024,300,"DEC.19,2023",16/10/2024,,20/11/2024,LENCY
406,1796,1000,19/01/2024,301,12-19-22,16/10/2024,,,
407,1745,1000,19/01/2024,302,"DEC.19,2023",16/10/2024,,,
408,322,1000,19/01/2024,303,"DEC.19,2023",16/10/2024,,,
409,570,1000,19/01/2024,304,"DEC.19,2023",16/10/2024,,,
410,362,4000,19/01/2023,305,"DEC.19,2023",16/10/2024,,,
411,95,3000,19/01/2024,308,"JAN.3,2024 / ok",16/10/2024,,22/11/2024,lency
412,347,7000,05/02/2024,312,,16/10/2024,,,
413,357,500,13/02/2024,313,,16/10/2024,,,
414,317,1000,22/02/2024,314,,16/10/2024,,,
415,334,1000,22/02/2024,315,,16/10/2024,,,
416,575,1000,22/02/2024,316,,16/10/2024,,,
417,1851,1000,22/02/2024,317,,16/10/2024,,,
418,326,9000,22/02/2024,318,,16/10/2024,,,
419,1879,9000,22/02/2024,319,,16/10/2024,,,
420,583,8500,22/02/2024,320,,16/10/2024,,,
421,362,4500,22/02/2024,321,,16/10/2024,,,
422,341,500,22/02/2024,322,,16/10/2024,,,
423,315,500,22/02/2024,323,,16/10/2024,,,
424,355,500,22/02/2024,324,,16/10/2024,,,
425,1880,2000,22/02/2024,325,,16/10/2024,,,
426,1881,1000,08/08/2023,025,,16/10/2024,,,
427,575,1000,14/03/2024,327,,16/10/2024,,,
428,1880,3000,14/03/2024,328,,16/10/2024,,,
429,1881,3000,14/03/2024,329,,16/10/2024,,,
430,335,1000,14/03/2024,330,,16/10/2024,,,
431,317,1000,14/03/2024,331,,16/10/2024,,,
432,334,1000,14/03/2024,332,,16/10/2024,,,
433,592,1000,14/03/2024,333,,16/10/2024,,,
434,588,2500,14/03/2024,334,,16/10/2024,,,
435,1849,2000,14/03/2024,335,,16/10/2024,,,
436,578,1000,14/03/2024,336,,16/10/2024,,,
437,364,1500,14/03/2024,337,,16/10/2024,,,
438,579,1000,14/03/2024,338,,16/10/2024,,,
439,571,5000,14/03/2024,339,,16/10/2024,,,
440,575,1000,21/03/2024,340,,16/10/2024,,,
441,592,1000,21/03/2024,341,,16/10/2024,,,
442,334,1000,21/03/2024,342,,16/10/2024,,,
443,317,1000,21/03/2024,343,,16/10/2024,,,
444,580,1000,21/03/2024,344,,16/10/2024,,,
445,,,,,,16/10/2024,,,
446,579,500,12/04/2024,346,,16/10/2024,,,
447,364,500,12/04/2024,347,,16/10/2024,,,
448,335,1000,12/04/2024,348,,16/10/2024,,,
449,368,1500,12/04/2024,349,,16/10/2024,,,
450,557,1500,12/04/2024,350,,16/10/2024,,,
451,578,1000,29/04/2024,552,,16/10/2024,,,
452,579,1000,29/04/2024,553,,16/10/2024,,,
453,364,500,29/04/2024,554,,16/10/2024,,,
454,575,4000,29/04/2024,555,,16/10/2024,,,
455,548,2000,29/04/2024,556,,16/10/2024,,,
456,335,1000,29/04/2024,557,,16/10/2024,,,
457,317,1000,29/04/2024,558,,16/10/2024,,,
458,334,1000,29/04/2024,559,,16/10/2024,,,
459,566,5000,29/04/2024,560,,16/10/2024,,,
460,332,300,29/04/2024,561,,16/10/2024,,,
461,360,2000,29/04/2024,562,,16/10/2024,,,
462,338,1500,29/04/2024,563,,16/10/2024,,,
463,578,1000,14/05/2024,564,,16/10/2024,,,
464,364,1000,14/05/2024,565,,16/10/2024,,,
465,579,500,14/05/2024,566,,16/10/2024,,,
466,564,1000,14/05/2024,567,,16/10/2024,,,
467,333,1000,14/05/2024,568,,16/10/2024,,,
468,565,4000,14/05/2024,569,,16/10/2024,,,
469,1474,3000,14/05/2024,570,,16/10/2024,,,
470,363,500,14/05/2024,571,,16/10/2024,,,
471,365,500,14/05/2024,572,,16/10/2024,,,
472,584,500,14/05/2024,573,,16/10/2024,,,
473,328,500,14/05/2024,574,,16/10/2024,,,
474,317,1000,14/05/2024,575,,16/10/2024,,,
475,,,,,,16/10/2024,,,
476,334,1000,14/05/2024,576,,16/10/2024,,,
477,335,1000,14/05/2024,577,,16/10/2024,,,
478,588,3500,14/05/2024,579,,16/10/2024,,,
479,1471,,,,,16/10/2024,,,
480,597,10000,19/05/2024,593,,16/10/2024,,,
481,564,7500,19/05/2024,581,,16/10/2024,,,
482,333,7500,19/05/2024,583,,16/10/2024,,,
483,557,5500,19/05/2024,584,,16/10/2024,,,
484,368,5500,19/05/2024,585,,16/10/2024,,,
485,335,5000,19/05/2024,586,,16/10/2024,,,
486,324,8500,19/05/2024,587,,16/10/2024,,,
487,552,8500,19/05/2024,588,,16/10/2024,,,
488,585,9000,19/05/2024,589,,16/10/2024,,,
489,319,8500,19/05/2024,590,,16/10/2024,,,
490,591,800,19/05/2024,591,,16/10/2024,,,
491,349,5000,19/05/2024,592,,16/10/2024,,,
492,350,8000,19/05/2024,594,,16/10/2024,,,
493,578,2000,19/05/2024,595,,16/10/2024,,,
494,364,5000,19/05/2024,596,,16/10/2024,,,
495,579,4000,19/05/2024,597,,16/10/2024,,,
496,1849,6000,19/05/2024,598,,16/10/2024,,,
497,562,6500,19/05/2024,599,,16/10/2024,,,
498,344,8000,19/05/2024,600,,16/10/2024,,,
499,68,1000,07/12/2023,154,,16/10/2024,,,
500,49,4000,08/12/2023,155,,16/10/2024,,,
501,1743,10000,11/12/2023,159,,16/10/2024,,,
502,1891,5000,11/12/2023,160,,16/10/2024,,,
503,1740,3000,10/08/2023,805,,16/10/2024,,20/11/2024,LENCY
504,1700,10000,09/01/2024,181,,16/10/2024,,,
505,1679,1000,19/12/2022,560,,16/10/2024,,,
506,1762,7100,13/01/2023,564,,16/10/2024,,,
507,1764,6800,13/01/2023,565,,16/10/2024,,,
508,1895,2650,13/01/2023,566,,16/10/2024,,,
509,1768,3000,27/01/2023,580,,16/10/2024,,,
510,1679,1200,19/12/2022,600,,16/10/2024,,,
511,1795,,,,,17/10/2024,,,
512,1663,5000,16/10/2023,895,,17/10/2024,,,
513,1806,10000,20/02/2023,773,,17/10/2024,,,
514,1745,4250,07/03/2023,782,,17/10/2024,,,
515,1693,5600,10/03/2023,785,,18/10/2024,,,
516,1695,1000,10/03/2023,786,,18/10/2024,,,
517,1748,50,13/03/2023,792,,18/10/2024,,,
518,1693,5000,14/03/2023,803,,18/10/2024,,,
519,1805,10000,30/03/2023,614,OK,18/10/2024,,21/11/2024,
520,1780,5000,30/03/2023,618,ok,18/10/2024,,20/11/2024,
521,1780,5000,03/04/2023,621,ok,18/10/2024,,20/11/2024,
522,1742,10000,10/04/2023,638,,18/10/2024,,,
523,1766,2500,11/04/2023,640,OK,18/10/2024,,20/11/2024,LENCY
524,1714,10000,14/04/2023,643,30000 TO M.A,18/10/2024,,,
525,1799,10000,14/04/2023,644,20000 TO PROCESSING FEE,18/10/2024,,,
526,1810,1000,17/04/2023,649,YUNG SOBRANG 9000 NAPUNTA SA M.A,18/10/2024,,,
527,1775,10000,17/04/2023,650,,18/10/2024,,,
528,1671,7000,22/04/2023,654,,18/10/2024,,,
529,1771,10000,25/04/2023,656,,18/10/2024,,,
530,1892,10000,25/04/2023,657,,18/10/2024,,,
531,1740,700,20/12/2023,176,,18/10/2024,,20/11/2024,LENCY
532,1770,10000,31/08/2023,832,2 LOT.,18/10/2024,,20/11/2024,LENCY
533,1677,2100,02/06/2023,712,pf/rtax,18/10/2024,,,
534,1710,2000,10/06/2023,730,,18/10/2024,,,
535,560,0,,,,18/10/2024,,,
537,1740,10000,01/05/2023,662,,21/10/2024,,20/11/2024,LENCY
538,1658,10000,05/05/2023,664,,21/10/2024,,,
539,1744,10000,05/05/2023,665,,21/10/2024,,,
540,1690,,,,,21/10/2024,,,
541,1690,10000,06/05/2023,667,"400 TO MEMBERSHIP FEE, 5000 TO M.A",21/10/2024,,,
542,1735,,,,,21/10/2024,,20/11/2024,LENCY
543,1733,10000,08/05/2023,670,,21/10/2024,,,
544,1818,10000,08/05/2023,671,,21/10/2024,,,
545,1711,10000,16/05/2023,689,,21/10/2024,,,
546,1735,,,,,21/10/2024,,20/11/2024,LENCY
547,,0,,,,21/10/2024,,,
548,1711,10000,08/05/2023,669,,21/10/2024,,,
549,1733,,,,,21/10/2024,,,
550,1766,7500,11/05/2023,675,OK,21/10/2024,,20/11/2024,LENCY
551,1797,10000,10/07/2023,778,,21/10/2024,,,
552,1478,,,,,21/10/2024,,,
553,80,5100,27/06/2024,1058,,21/10/2024,,,
554,1719,10000,13/02/2021,"141,148",,21/10/2024,,18/11/2024,
555,1903,10000,10/05/2024,612,,21/10/2024,,,
556,1831,10000,07/06/2024,639,"blk 1 , lot 12",21/10/2024,,20/11/2024,LENCY
557,1836,10000,18/06/2024,645,,21/10/2024,,,
558,1694,1000,11/11/2018,,,24/10/2024,,,
559,1678,1000,11/11/2018,ok,,24/10/2024,,15/11/2024,
560,1904,1000,11/11/2018,,,24/10/2024,,,
561,1905,1000,11/11/2018,,,24/10/2024,,,
562,1906,1000,11/11/2018,,,24/10/2024,,,
563,1761,1000,11/11/2018,,,24/10/2024,,,
564,1817,500,11/11/2018,,OK,24/10/2024,,20/11/2024,
565,1783,1000,11/11/2018,,OK,24/10/2024,,20/11/2024,
566,1907,500,11/11/2018,,,24/10/2024,,,
567,1768,1000,11/11/2018,,,24/10/2024,,,
568,1667,500,11/11/2018,,,24/10/2024,,,
569,1779,1000,11/11/2018,,,24/10/2024,,,
570,1781,1000,13/11/2017,,,24/10/2024,,,
571,1664,500,15/11/2017,,,24/10/2024,,,
572,1792,500,15/11/2017,,,24/10/2024,,,
573,1662,500,15/11/2017,,,24/10/2024,,,
574,1908,500,15/11/2017,,,24/10/2024,,,
575,1909,500,16/11/2017,,,24/10/2024,,,
576,1874,5000,16/11/2017,,,24/10/2024,,,
577,1745,1000,17/11/2017,,,24/10/2024,,,
578,1911,500,17/11/2017,,,24/10/2024,,,
579,1912,500,17/11/2017,,,24/10/2024,,,
580,1706,500,16/11/2017,,,24/10/2024,,,
581,1706,500,01/02/2018,,,24/10/2024,,,
582,1913,1000,01/02/2018,,,24/10/2024,,,
583,1703,2000,13/02/2018,,,24/10/2024,,,
584,1728,2000,13/02/2018,,,24/10/2024,,,
585,1706,1000,13/02/2018,,,24/10/2024,,,
586,1914,2000,13/02/2018,,,24/10/2024,,,
587,1748,500,13/02/2018,,,24/10/2024,,,
588,1667,500,13/02/2018,,,24/10/2024,,,
589,1778,500,15/02/2018,,OK,24/10/2024,,20/11/2024,LENCY
590,1915,2000,15/02/2018,,,24/10/2024,,,
591,1702,2000,14/02/2018,,,24/10/2024,,,
592,1678,1000,14/02/2018,ok,,24/10/2024,,15/11/2024,
593,1672,2000,19/02/2018,,,24/10/2024,,,
594,1759,1500,19/02/2018,,OK,24/10/2024,,20/11/2024,LENCY
595,1701,2000,19/02/2018,,,24/10/2024,,,
596,1701,500,17/11/2017,,,24/10/2024,,,
597,1916,500,20/02/2018,,,24/10/2024,,,
598,1697,2000,20/02/2018,,,24/10/2024,,,
599,1783,1000,20/02/2018,,OK,24/10/2024,,20/11/2024,
600,1761,1000,20/02/2018,,,24/10/2024,,,
601,1667,1000,20/02/2018,,,24/10/2024,,,
602,1917,2000,20/02/2018,,,24/10/2024,,,
603,1679,2000,20/02/2018,,,24/10/2024,,,
604,1918,1000,20/02/2018,,,24/10/2024,,,
605,1745,1000,21/02/2018,,,24/10/2024,,,
606,1919,2000,26/02/2018,,,24/10/2024,,,
607,1777,2000,02/03/2018,,,24/10/2024,,,
608,1920,1000,02/03/2018,,,24/10/2024,,,
609,1694,1000,02/03/2018,,,24/10/2024,,,
610,1817,1000,26/11/2021,182,OK,24/10/2024,,20/11/2024,
611,1918,1000,08/03/2018,,,24/10/2024,,,
612,1674,500,08/03/2018,,,24/10/2024,,,
613,1921,2000,08/03/2018,,,24/10/2024,,,
614,1778,1000,03/04/2018,,OK,24/10/2024,,20/11/2024,LENCY
615,1922,500,03/04/2018,,,28/10/2024,,,
616,1667,500,03/04/2018,,,28/10/2024,,,
617,1706,500,03/04/2018,,,28/10/2024,,,
618,1759,500,17/04/2018,,OK,28/10/2024,,20/11/2024,LENCY
619,1728,2000,16/05/2018,,,28/10/2024,,,
620,1923,2000,17/05/2018,,,28/10/2024,,,
621,1901,,,,,28/10/2024,,20/11/2024,
622,1769,2000,17/05/2018,,,28/10/2024,,,
623,1709,2000,17/05/2018,,,28/10/2024,,,
624,1925,2000,21/05/2018,,,28/10/2024,,,
625,1761,1000,21/05/2018,,,28/10/2024,,,
626,1777,6000,09/06/2018,,,28/10/2024,,,
627,1920,1000,09/06/2018,,,28/10/2024,,,
628,1924,2000,13/06/2018,,,28/10/2024,,,
629,1694,1000,14/06/2018,,,28/10/2024,,,
630,1817,,,,,28/10/2024,,20/11/2024,
631,1678,2000,13/07/2018,ok,,28/10/2024,,15/11/2024,
632,1778,1000,13/07/2018,,OK,28/10/2024,,20/11/2024,LENCY
633,1759,1000,13/07/2018,,OK,28/10/2024,,20/11/2024,LENCY
634,1728,5000,13/07/2018,,,28/10/2024,,,
635,1795,1000,13/07/2018,,,28/10/2024,,,
636,1706,1700,20/07/2018,,,28/10/2024,,,
637,1674,500,20/07/2018,,,28/10/2024,,,
638,1694,7000,31/08/2018,,,28/10/2024,,,
639,1920,7000,31/08/2018,,,28/10/2024,,,
640,1759,2000,30/07/2018,,OK,28/10/2024,,20/11/2024,LENCY
641,1699,4000,31/07/2018,,,28/10/2024,,,
642,1701,7450,02/08/2018,,,28/10/2024,,,
643,1701,50,23/01/2022,64,,28/10/2024,,,
644,1817,500,23/01/2022,67,OK,28/10/2024,,20/11/2024,
645,1778,6000,09/08/2018,,OK,28/10/2024,,20/11/2024,LENCY
646,1926,9700,16/08/2018,,,28/10/2024,,,
647,1678,600,18/08/2018,ok,,28/10/2024,,15/11/2024,
648,1677,7000,18/08/2018,,,28/10/2024,,,
649,1702,7000,18/08/2018,,,28/10/2024,,,
650,1759,1000,18/08/2018,,OK,28/10/2024,,20/11/2024,LENCY
651,1728,2000,24/08/2018,,,28/10/2024,,,
652,1697,5000,28/08/2018,,,28/10/2024,,,
653,1761,5000,28/08/2018,,,28/10/2024,,,
654,1759,1000,13/09/2018,,OK,28/10/2024,,20/11/2024,LENCY
655,1832,2000,13/09/2018,,,28/10/2024,,,
656,1684,9950,14/09/2018,,,28/10/2024,,,
657,1683,9950,17/09/2018,,,28/10/2024,,,
658,1778,500,17/09/2018,,OK,28/10/2024,,20/11/2024,LENCY
659,1896,2000,17/09/2018,,,28/10/2024,,,
660,1777,1000,27/09/2018,,,28/10/2024,,,
661,1759,1000,27/09/2018,,OK,28/10/2024,,20/11/2024,LENCY
662,1662,3000,05/10/2018,,,28/10/2024,,,
663,1778,1000,15/12/2021,194,OK,28/10/2024,,20/11/2024,LENCY
664,1817,450,25/10/2018,,OK,28/10/2024,,20/11/2024,
665,1667,1000,15/10/2018,,,28/10/2024,,,
666,1817,1500,08/03/2018,,OK,28/10/2024,,20/11/2024,
667,1816,5000,25/10/2018,,,28/10/2024,,,
668,1759,750,29/10/2018,,OK,28/10/2024,,20/11/2024,LENCY
669,1706,2000,09/11/2018,101,,28/10/2024,,,
670,1672,7700,13/11/2018,102,,28/10/2024,,,
671,1816,4950,14/11/2018,,OK,28/10/2024,,22/11/2024,LENCY
672,1777,1000,05/12/2018,,,28/10/2024,,,
673,1761,500,05/12/2018,,,28/10/2024,,,
674,1706,3500,12/12/2018,,,28/10/2024,,,
675,1761,1000,08/01/2019,103,,28/10/2024,,,
676,1667,2000,08/01/2019,104,,28/10/2024,,,
677,1748,4000,10/01/2019,105,,28/10/2024,,,
678,1928,2000,15/01/2019,,,28/10/2024,,,
679,1667,1000,15/01/2019,106,,28/10/2024,,,
680,1783,8000,22/01/2019,,OK,28/10/2024,,20/11/2024,
681,1925,5000,31/01/2019,,,28/10/2024,,,
682,1748,4950,31/01/2019,115,,28/10/2024,,,
683,1664,5000,31/01/2019,114,,28/10/2024,,,
684,1792,2450,31/01/2019,116,,28/10/2024,,,
685,1768,4000,05/02/2019,118,,28/10/2024,,,
686,1667,1100,05/02/2019,119,,28/10/2024,,,
687,1697,2950,05/02/2019,117,,28/10/2024,,,
688,1896,580,05/02/2019,122,,28/10/2024,,,
689,1745,5000,06/02/2019,123,,28/10/2024,,,
690,1781,3000,07/02/2019,124,,28/10/2024,,,
691,1698,8000,07/02/2019,124,,28/10/2024,,,
692,1662,2000,05/03/2019,126,,28/10/2024,,,
693,1769,5000,11/03/2019,126,,28/10/2024,,,
694,1908,9000,03/03/2019,128,,28/10/2024,,,
695,1896,500,15/03/2019,500,,28/10/2024,,,
696,1709,5000,21/03/2019,,,28/10/2024,,,
697,1929,400,15/03/2019,,,28/10/2024,,,
698,1763,1000,13/02/2021,,OK,28/10/2024,,20/11/2024,LENCY
699,1930,,,,,28/10/2024,,20/11/2024,LENCY
700,1895,1000,13/02/2021,,,28/10/2024,,,
701,1718,5000,13/02/2021,140,,28/10/2024,,,
702,1857,10000,03/05/2024,607,,28/10/2024,,,
703,1931,500,15/02/2021,146,,28/10/2024,,,
704,1932,4000,24/02/2021,,,28/10/2024,,,
705,1730,2000,05/03/2021,150,OK,28/10/2024,,19/11/2024,
706,1788,1000,05/03/2021,151,,28/10/2024,,,
707,1718,5000,05/03/2021,147,,28/10/2024,,,
708,1785,1000,05/03/2021,149,OK,28/10/2024,,20/11/2024,
709,1695,500,05/03/2021,152,,28/10/2024,,,
710,1933,500,05/03/2021,153,,28/10/2024,,,
711,1933,1000,14/03/2021,155,,28/10/2024,,,
712,1934,2000,14/03/2021,156,,28/10/2024,,,
713,1790,1000,14/03/2021,157,,28/10/2024,,,
714,1935,1000,14/03/2021,1159,,28/10/2024,,,
715,1753,600,19/03/2021,160,,28/10/2024,,,
716,1936,2000,09/04/2021,162,,28/10/2024,,,
717,1730,5000,20/04/2021,164,OK,28/10/2024,,19/11/2024,
718,1729,3000,20/04/2021,165,OK,28/10/2024,,19/11/2024,
719,1676,5000,17/05/2021,166,,28/10/2024,,,
720,1676,1000,16/06/2021,167,,28/10/2024,,,
721,1676,1000,01/07/2021,168,,28/10/2024,,,
723,1697,50,26/11/2021,176,,28/10/2024,,,
724,1730,1000,26/11/2021,177,OK,28/10/2024,,19/11/2024,
725,1729,1000,26/11/2021,178,OK,28/10/2024,,19/11/2024,
726,1781,6000,26/11/2021,181,YUNG SOBRA NA 1000 DIRITSO SA M.A,28/10/2024,,,
727,1817,3000,13/07/2018,,OK,28/10/2024,,20/11/2024,
728,1816,50,26/11/2021,183,NASA M.A ANG SOBRA,28/10/2024,,,
729,1782,1000,26/11/2021,984,OK,28/10/2024,,20/11/2024,
730,1790,3000,26/11/2021,185,,28/10/2024,,,
731,1936,1000,26/11/2021,186,,28/10/2024,,,
732,1676,1000,15/10/2021,169,,28/10/2024,,14/11/2024,
733,1938,500,15/12/2021,188,,28/10/2024,,,
734,1920,500,15/12/2021,,,28/10/2024,,,
735,1730,1000,15/12/2021,192,,28/10/2024,,,
736,1729,1000,15/12/2021,193,OK,28/10/2024,,19/11/2024,
737,1778,0,,,,28/10/2024,,,
738,1939,1000,,197,,28/10/2024,,,
739,1785,500,15/12/2021,199,OK,28/10/2024,,20/11/2024,
740,1931,0,,,,28/10/2024,,,
741,1662,1000,09/04/2021,161,,28/10/2024,,,
742,1678,1000,23/01/2022,065/ok,,28/10/2024,,15/11/2024,
743,1683,50,23/01/2023,79,NASA M.A ANG SOBRA,28/10/2024,,15/11/2024,
744,1695,500,23/01/2022,56,,28/10/2024,,,
745,1698,500,23/01/2022,55,,28/10/2024,,,
746,1706,300,23/01/2022,70,,28/10/2024,,15/11/2024,
747,1701,0,,,,28/10/2024,,,
748,1702,500,23/01/2022,62,,28/10/2024,,,
749,1729,500,23/01/2022,71,,28/10/2024,,,
750,1748,500,23/01/2022,60,,28/10/2024,,,
751,1763,1000,23/01/2022,77,OK,28/10/2024,,20/11/2024,LENCY
752,1764,0,,,,28/10/2024,,,
753,1782,500,23/01/2022,63,OK,28/10/2024,,20/11/2024,
754,1936,500,23/01/2022,58,,28/10/2024,,,
755,1676,,,,,28/10/2024,,14/11/2024,
756,1677,500,23/01/2022,068,,28/10/2024,,15/11/2024,
757,1941,2000,23/01/2022,69,,28/10/2024,,,
758,1684,50,13/02/2022,82,,29/10/2024,,,
759,1920,500,13/02/2022,,,29/10/2024,,,
760,1729,500,13/02/2022,89,,29/10/2024,,,
761,1730,500,13/02/2022,90,,29/10/2024,,,
762,1758,1000,28/03/2022,202,OK,29/10/2024,,20/11/2024,LENCY
763,1705,9000,28/03/2022,201,,29/10/2024,,,
764,1675,9500,27/04/2022,236,,29/10/2024,,,
765,1695,1500,28/04/2022,237,,29/10/2024,,,
766,1674,8000,29/04/2022,237,,29/10/2024,,,
767,1758,2000,06/06/2022,324,OK,29/10/2024,,20/11/2024,LENCY
768,1703,3000,29/04/2022,244,,29/10/2024,,,
769,1669,10000,29/04/2022,247,,29/10/2024,,,
770,1942,1000,29/04/2022,249,"MF,PF,RTAX",29/10/2024,,,
771,1732,7000,29/04/2022,250,,29/10/2024,,,
772,1794,10000,29/04/2022,252,"MF,PF,RTAX",29/10/2024,,,
773,1795,1200,29/04/2022,258,,29/10/2024,,,
774,1679,2000,30/04/2022,260,,29/10/2024,,,
775,1752,10000,30/04/2022,260,"PF,MF,S,RTAX",29/10/2024,,,
776,1796,10000,30/04/2022,263,"PF,MF,S,RTAX",29/10/2024,,,
777,1835,2000,30/04/2022,247,,29/10/2024,,,
778,1835,0,,,,29/10/2024,,,
779,1679,2400,08/05/2022,,,29/10/2024,,,
780,1729,1500,08/05/2022,279,,29/10/2024,,19/11/2024,
781,1730,500,08/05/2022,,ANG SOBRA SA M.A,29/10/2024,,,
782,1661,1000,08/05/2022,,,29/10/2024,,,
783,1674,850,08/05/2022,,,29/10/2024,,,
784,1947,900,08/05/2022,,,29/10/2024,,,
785,1896,2000,08/05/2022,284,OK,29/10/2024,,15/11/2024,
786,1678,1000,08/05/2022,ok,,29/10/2024,,15/11/2024,
787,1764,0,,,,29/10/2024,,,
788,1930,1000,08/05/2022,287,OK,29/10/2024,,20/11/2024,LENCY
789,1763,1000,08/05/2022,288,OK,29/10/2024,,20/11/2024,LENCY
790,1764,4450,08/05/2022,289,,29/10/2024,,,
791,1763,0,,,,29/10/2024,,,
792,1895,0,,,,29/10/2024,,,
793,1765,1000,08/05/2022,236,,29/10/2024,,,
794,1768,850,08/05/2022,290,,29/10/2024,,,
795,1758,2000,08/05/2022,292,OK,29/10/2024,,20/11/2024,LENCY
796,1791,1000,08/05/2022,293,,29/10/2024,,,
797,1695,1000,08/05/2022,295,,29/10/2024,,,
798,1725,5000,08/05/2022,297,"PF,MF,S",29/10/2024,,,
799,1724,5000,08/05/2022,299,,29/10/2024,,,
800,1809,1000,10/05/2022,300,,29/10/2024,,,
801,1702,500,10/05/2022,301,,29/10/2024,,,
802,1676,1000,14/12/2021,187,,29/10/2024,,14/11/2024,
803,1770,5000,25/05/2022,303,,29/10/2024,,,
804,1901,,,,,29/10/2024,,20/11/2024,
805,1668,10000,25/05/2022,305,"RTAX, PM,MF",29/10/2024,,,
806,1703,2000,25/05/2022,307,,29/10/2024,,15/11/2024,
807,1815,1000,25/05/2022,308,,29/10/2024,,,
808,1803,2500,25/05/2022,310,,29/10/2024,,,
809,1770,5000,28/05/2022,311,,29/10/2024,,,
810,1740,10000,28/05/2022,312,,29/10/2024,,,
811,1731,3000,25/05/2022,306,,29/10/2024,,,
812,1731,7000,28/05/2022,318,,29/10/2024,,,
813,1808,10000,28/05/2022,319,PF.MF.RTAX,29/10/2024,,,
814,1804,7050,28/05/2022,321,,29/10/2024,,,
815,1803,7500,28/05/2024,321,,29/10/2024,,,
816,1789,10000,06/06/2022,325,,29/10/2024,,,
817,1814,10000,06/06/2022,326,,29/10/2024,,,
818,1815,5000,06/06/2022,327,OK,29/10/2024,,22/11/2024,LENCY
819,1901,2000,17/05/2018,,ok,29/10/2024,,20/11/2024,
820,1708,8400,12/06/2022,329,MINUS Realty Tax,29/10/2024,,,
821,1709,3400,12/06/2022,330,4250 WITH REALTY TAX,29/10/2024,,,
822,1769,2000,12/06/2022,331,,29/10/2024,,,
823,1703,3000,12/06/2022,333,,29/10/2024,,,
824,1798,10000,12/06/2022,334,"11250, PF, MF RT",29/10/2024,,,
825,1785,1000,12/06/2022,335,OK,29/10/2024,,20/11/2024,
826,1782,1000,12/06/2022,336,OK,29/10/2024,,20/11/2024,
827,1727,10000,17/06/2022,,,29/10/2024,,,
828,1710,0,,,,29/10/2024,,,
829,1786,5000,07/07/2022,347,M.A NAKALAGAY PERO WALA SILA PROCESSING FEE.,29/10/2024,,,
830,1758,3000,10/07/2022,348,OK,29/10/2024,,20/11/2024,LENCY
831,1949,1000,10/07/2022,352,,29/10/2024,,,
832,1774,5000,10/07/2022,362,,29/10/2024,,,
833,1774,3000,12/07/2022,366,"RT = 850,MF=300, S=100, PF 3000",29/10/2024,,,
834,1662,1000,10/07/2022,363,,29/10/2024,,,
835,1946,2000,12/07/2022,367,,29/10/2024,,,
836,1729,350,03/08/2022,370,,29/10/2024,,,
837,1815,500,10/08/2022,377,OK,29/10/2024,,22/11/2024,LENCY
838,1704,10000,10/08/2022,379,,29/10/2024,,,
839,1787,2000,10/08/2022,380,,29/10/2024,,,
840,1946,7000,10/08/2022,381,,29/10/2024,,,
841,1767,10000,10/08/2022,386,"11250, RTAX, MF, PF",29/10/2024,,,
842,1782,1000,11/08/2022,391,OK,29/10/2024,,20/11/2024,
843,1785,1000,11/08/2022,392,OK,29/10/2024,,20/11/2024,
844,1678,,,,,29/10/2024,,15/11/2024,
845,1696,1000,11/08/2022,400,,29/10/2024,,,
846,1815,4000,25/08/2022,401,NEED TO CLARIFY,29/10/2024,,22/11/2024,LENCY
847,1773,9350,31/08/2022,403,10600 MF/PF/RT/S,29/10/2024,,,
848,1769,1000,14/09/2022,427,,29/10/2024,,,
849,1810,7000,15/09/2022,432,,29/10/2024,,21/11/2024,
850,1809,9000,23/09/2022,433,,29/10/2024,,,
851,1896,150,27/09/2022,434,,29/10/2024,,,
852,1686,10000,27/09/2022,435,,29/10/2024,,,
853,1897,10000,27/09/2022,437,,29/10/2024,,,
854,1667,500,01/10/2022,441,,29/10/2024,,,
855,1785,1000,01/10/2022,442,OK,29/10/2024,,20/11/2024,
856,1782,500,01/10/2022,444,OK,29/10/2024,,20/11/2024,
857,1667,500,03/10/2022,451,,29/10/2024,,,
858,1783,0,,,,29/10/2024,,,
859,1784,10000,03/10/2022,453,,29/10/2024,,,
860,1666,10000,01/10/2022,1456,,29/10/2024,,,
861,1685,10000,01/10/2022,1457,,29/10/2024,,,
862,1791,4000,08/10/2022,470,,29/10/2024,,,
863,1695,4000,08/10/2022,469,,29/10/2024,,,
864,1802,10000,08/10/2022,463,,29/10/2024,,,
865,1896,1250,08/10/2022,468,OK,29/10/2024,,15/11/2024,
866,1768,1150,08/10/2022,464,,29/10/2024,,,
867,1724,5000,14/10/2022,475,,29/10/2024,,,
868,1725,5000,14/10/2022,476,,29/10/2024,,,
869,1659,10000,04/11/2022,500,,29/10/2024,,,
870,1660,10000,04/11/2022,501,400 MF,29/10/2024,,11/11/2024,michael
871,1681,10000,04/11/2022,503,,29/10/2024,,,
872,1682,10000,04/11/2022,502,,29/10/2024,,,
873,1679,1000,21/12/2022,600,,30/10/2024,,,
874,1762,0,,,,30/10/2024,,,
875,1679,400,16/01/2023,575,5000 - 400 sa processing fee,30/10/2024,,,
876,1689,750,30/01/2023,584,,30/10/2024,,,
877,1687,500,08/10/2022,466,,30/10/2024,,,
878,1687,1042,30/01/2023,586,,30/10/2024,,,
879,352,8500,29/09/2024,1261,,30/10/2024,,,
880,577,8500,29/09/2024,1262,,30/10/2024,,,
881,73,5000,30/07/2024,853,,30/10/2024,,,
882,552,500,12/04/2024,409,,30/10/2024,,,
883,324,500,12/04/2024,410,,30/10/2024,,,
884,333,500,12/04/2024,411,,30/10/2024,,,
885,317,1000,12/04/2024,413,,30/10/2024,,,
886,334,1000,12/04/2024,414,,30/10/2024,,,
887,357,1000,12/04/2024,416,,30/10/2024,,,
888,1951,10000,08/05/2024,421,,30/10/2024,,,
889,46,0,,,,30/10/2024,,,
890,534,2000,14/05/2024,436,,30/10/2024,,,
891,1881,,,,,04/11/2024,,,
892,583,1000,09/07/2023,014,,04/11/2024,,,
893,1879,500,01/08/2023,020,,04/11/2024,,,
894,323,5000,30/08/2023,021,,04/11/2024,,,
895,1849,2000,08/09/2023,043,,04/11/2024,,,
896,564,500,12/04/2024,412,,04/11/2024,,,
897,332,300,12/04/2024,415,,04/11/2024,,,
898,322,,,,,05/11/2024,,,
899,592,6500,19/05/2024,701,,05/11/2024,,,
900,563,9000,19/05/2024,702,,05/11/2024,,,
901,317,2700,19/05/2024,703,,05/11/2024,,,
902,334,500,19/05/2024,704,,05/11/2024,,,
903,357,7500,19/05/2024,705,,05/11/2024,,,
904,373,8500,19/05/2024,706,,05/11/2024,,,
905,370,8600,19/05/2024,707,,05/11/2024,,,
906,566,4500,19/05/2024,708,,05/11/2024,,,
907,570,8000,19/05/2024,709,,05/11/2024,,,
908,1839,10000,19/05/2024,710,,05/11/2024,,,
909,1852,10000,19/05/2024,711,,05/11/2024,,,
910,345,7000,19/05/2024,712,,05/11/2024,,,
911,355,8500,19/05/2024,713,,05/11/2024,,,
912,574,9000,20/05/2024,714,,05/11/2024,,,
913,555,9000,23/05/2024,715,,05/11/2024,,,
914,328,8500,23/05/2024,716,,05/11/2024,,,
915,580,7500,23/05/2024,717,,05/11/2024,,,
916,338,8000,23/05/2024,718,,05/11/2024,,,
917,346,9500,23/05/2024,719,,05/11/2024,,,
918,561,9000,23/05/2024,720,,05/11/2024,,,
919,1851,6400,23/05/2024,721,,05/11/2024,,,
920,554,9500,23/05/2024,722,,05/11/2024,,,
921,594,9300,23/05/2024,725,,05/11/2024,,,
922,582,9000,23/05/2024,727,,05/11/2024,,,
923,568,9500,23/05/2024,728,,05/11/2024,,,
924,595,9000,23/05/2024,729,,05/11/2024,,,
925,536,9000,23/05/2024,730,,05/11/2024,,,
926,1475,10000,23/05/2024,731,,05/11/2024,,,
927,1476,10000,23/05/2024,732,,05/11/2024,,,
928,1930,1000,23/01/2022,76,OK,06/11/2024,,20/11/2024,LENCY
929,1765,1000,23/01/2022,78,,06/11/2024,,,
930,1702,,,,,06/11/2024,,,
931,1805,,,,,06/11/2024,,21/11/2024,
932,1672,300,31/03/2023,619,1700 TO M/A,06/11/2024,,15/11/2024,
933,1747,2000,10/04/2023,637,,06/11/2024,,,
934,1848,5000,02/06/2024,741,,06/11/2024,,,
935,1883,4000,02/06/2024,742,,06/11/2024,,,
936,1853,10000,07/06/2024,743,,06/11/2024,,,
937,1883,1000,14/06/2024,746,,06/11/2024,,,
938,1795,3000,28/09/2023,869,,06/11/2024,,,
939,1955,10000,08/05/2023,664,,06/11/2024,,,
940,1835,8000,17/03/2023,805,,06/11/2024,,,
941,1480,4000,27/06/2024,1059,,07/11/2024,,,
942,1719,,,,,07/11/2024,,18/11/2024,
943,1761,500,23/01/2022,75,500 FOR M.A,07/11/2024,,,
944,1705,1000,21/02/2022,96,300 SA MEMBERSHIP,07/11/2024,,,
945,1758,1000,21/02/2022,95,OK,07/11/2024,,20/11/2024,LENCY
946,1695,500,13/02/2022,88,,07/11/2024,,,
947,1698,500,13/02/2022,87,,07/11/2024,,,
948,1906,500,13/02/2022,86,,07/11/2024,,,
949,1810,2000,05/03/2021,154,,07/11/2024,,21/11/2024,
950,1937,1000,15/03/2022,159,,07/11/2024,,,
951,57,,,,,07/11/2024,,,
952,47,4000,27/08/2024,1036,,07/11/2024,,,
953,1958,10000,22/07/2024,967,,07/11/2024,,,
954,562,2000,19/01/2024,222,,08/11/2024,,,
955,55,8000,27/05/2024,679,,08/11/2024,,,
956,1959,200,23/06/2024,10,,08/11/2024,,,
957,1841,1000,04/08/2023,23,,08/11/2024,,,
958,342,8500,27/06/2024,946,,11/11/2024,,,
959,342,1500,30/07/2024,780,7000 M.A,11/11/2024,,,
960,316,3000,23/05/2024,726,,11/11/2024,,,
961,1881,,,,,11/11/2024,,,
962,1881,,,,,11/11/2024,,,
963,1881,2000,22/02/2024,326,,11/11/2024,,,
964,1474,7000,19/05/2024,580,,11/11/2024,LENCY,,
965,79,500,17/01/2024,200,,12/11/2024,,,
966,1676,1000,16/11/2021,175,,14/11/2024,,14/11/2024,
967,1678,1000,13/02/2022,093/ok,,15/11/2024,,15/11/2024,
968,1896,500,03/11/2022,494,OK,15/11/2024,,15/11/2024,
969,1901,,,,,18/11/2024,,20/11/2024,
970,1901,4500,25/05/2022,304,ok,18/11/2024,,20/11/2024,
971,1735,,,,,20/11/2024,LENCY,20/11/2024,LENCY
972,1711,10000,08/05/2023,668,"FP BLK 3 , LOT 38",20/11/2024,LENCY,20/11/2024,LENCY
973,1711,10000,08/05/2023,690,,20/11/2024,LENCY,20/11/2024,LENCY
974,1758,1000,29/04/2022,242,OK,20/11/2024,LENCY,20/11/2024,LENCY
975,1759,500,21/05/2018,,OK,20/11/2024,LENCY,20/11/2024,LENCY
976,1759,800,23/01/2022,053,OK,20/11/2024,LENCY,20/11/2024,LENCY
977,1831,10000,07/06/2024,639,LOT 13,20/11/2024,LENCY,20/11/2024,LENCY
